address,longitude,latitude
"Poland, 05-822, Milanówek, Królewska, 27",20.689051341584026,52.12506535
"Poland, 05-090, Raszyn, Unii Europejskiej, 15",20.9235528,52.1537019
"Poland, 96-321, Siestrzeń, Objazdowa, 26",20.7091939,52.05042
"Poland, , Gołków, ul. Zielona, 31",,
"Poland, 05-090, Wypędy, Sokołowska, 18",20.8873315,52.1434017
"Poland, 05-825, Kozerki, Gen. Orlicz-Dreszera, 19",20.59622,52.09534
"Poland, 05-555, Tarczyn, Rynek, 14",20.8334521,51.9805937
"Poland, 05-850 , Ołtarzew, Poznańska, 14",20.7748259,52.2110062
"Poland, 05-505, Błonie, Lesznowska, 10",20.61625789608392,52.20081945
"Poland, 96-300, Żyrardów, Stanisława Moniuszki, 33",20.44933175953053,52.05628265
"Poland, 05-090, Raszyn, Słowikowskiego, 21",20.9257239,52.1593004
"Poland, 05-552, Łazy, ALEJA KRAKOWSKA, 22",20.8749431,52.0734514
"Poland, 05-500 , Piaseczno, Saperów, 9",21.2175029,51.9777107
"Poland, 02-219, Warszawa, Janowskiego, 20",21.02092803426261,52.153378599999996
"Poland, 05-831, Młochów, Mazowiecka, 6",20.7819002,52.0484871
"Poland, 05-825, Grodzisk Mazowiecki, Sienkiewicza, 33",20.6270847,52.102513
"Poland, 02-945, Warszawa, Posag 7 Panien, 18",20.8789813,52.2042119
"Poland, 02-486, Warszawa, Al. Jerozolimskie, 22",20.9513366,52.2120295
"Poland, 96-300, Żyrardów, Mickiewicza, 22",20.4484249,52.0464838
"Poland, 05-500 , Piaseczno, Jana Pawła II, 9",21.024149058513757,52.07500785
"Poland, 05-830, Kajetany, Klonowa, 9",20.816243079411763,52.0870095
"Poland, 05-830, Stara Wieś, Grodziska, 13",20.7910397,52.0823906
"Poland, 02-829, Warszawa, Taneczna, 28",21.0153699,52.1488431
"Poland, 02-384, Warszawa, Włodarzewska, 27",20.9587679,52.201748
"Poland, 96-321, Siestrzeń, Żelechowska, 14",20.7207415,52.0488052
"Poland, 05-816, Reguły, Aleja Powstańców Warszawy, 7",20.859324,52.1701047
"Poland, 02-676, Warszawa, Domaniewska, 9",21.01873205453822,52.18283925
"Poland, 05-806, Pęcice, Parkowa, 25",20.848879326755796,52.15285335
"Poland, 05-500 , Piaseczno, Rejtana, 12",21.030163192557076,52.0649133
"Poland, 02-219, Warszawa, Al. Krakowska, 22",20.933561742652934,52.16563265
"Poland, 96-325, Radziejowice, Mszczonowska, 28",20.5519395,51.997275
"Poland, 02-149, Warszawa, Hynka, 32",20.972101,52.1856577
"Poland, 96-321, Słubica A, Zarzeczna, 19",20.6326225,52.012669
"Poland, 05-825, Janinów, Norweska, 17",20.6104806,52.078606
"Poland, 02-255, Warszawa, Krakowiaków, 9",20.950927490205522,52.1856021
"Poland, 05-830, Nadarzyn, Pl. Poniatowskiego, 26",20.806133907335912,52.092827
"Poland, 05-825, Grodzisk Mazowiecki, Nadarzyńska, 26",20.64865712276089,52.0986898
"Poland, 96-314, Baranów, Południowa, 14",20.4472253,52.1660957
"Poland, 05-500 , Piaseczno, Kościuszki, 17",21.02733,52.072
"Poland, 02-497, Warszawa, AL.Jerozolimskie, 8",21.0234144,52.2326265
"Poland, 00-791, Warszawa, Słoneczna, 16",21.025776379014538,52.20784115
"Poland, 05-825, Grodzisk Mazowiecki, Składowa, 33",20.6233865,52.1090322
"Poland, 05-830, Urzut, Al. Katowicka, 14",20.7610373,52.0711725
"Poland, 02-634, Warszawa, Racławicka, 18",20.9934527,52.1967166
"Poland, 96-320, Grabce-Towarzystwo, Żukowska, 34",20.4610693,51.9841099
"Poland, 05-500, Piaseczno, Puławska, 15",21.15658923052165,52.0081921
"Poland, 05-870, Błonie, Sochaczewska, 31",20.61070435791246,52.198316000000005
"Poland, 05-090, Raszyn, Sportowa, 29",20.929984527435757,52.150635199999996
"Poland, 05-500 , Piaseczno, Staszica, 26",21.034543292496608,52.0668299
"Poland, 05-500 , Piaseczno, Julianowska, 21",21.098458073773987,51.9541057
"Poland, 05-090, Jaworowa, Warszawska, 8",20.943249576783007,52.14667835
"Poland, 05-555, Tarczyn, Niecała, 23",20.8335483,51.9788651
"Poland, 05-500 , Piaseczno, Geodetów, 26",21.02242,52.09921
"Poland, 05-827, Grodzisk Mazowiecki, Bairda, 17",20.6434776,52.1120068
"Poland, 05-831, Rozalin, Kostowiec, 28",,
"Poland, 96-325, Radziejowice Parcel, Boczna, 15",20.5448064,51.9919568
"Poland, 05-870, Błonie, Kopytów, 20",20.66723923604371,52.20738
"Poland, , Kajetany, Miedziana, 12",20.809732553264247,52.085542
"Poland, 05-831, Parole, Szeroka, 23",20.8135169,52.0404669
"Poland, 96-300, Żyrardów, Stefana Żeromskiego, 25",20.4209186,52.0578734
"Poland, , Rybie, Spokojna, 26",20.937563093730436,52.1554759
"Poland, 05-825, Grodzisk Mazowiecki, Traugutta, 32",20.6214451,52.1108127
"Poland, 02-246, Warszawa, Geologiczna, 31",20.9558361,52.1897321
"Poland, 05-830, Rusiec, Al.Katowicka, 32",20.7886378,52.0798993
"Poland, 05-800, Pruszków, Topolowa, 5",20.813685662671233,52.1714367
"Poland, 05-500, Nowa Wola, Orna, 15",20.967484382792392,52.0907675
"Poland, 05-500 , Piaseczno, Aleja Lipowa, 20",21.001269661836734,52.0548979
"Poland, 05-825, Grodzisk Mazowiecki, M. Langiewicza, 32",,
"Poland, 05-090, Janki, Wspólna, 21",20.899091129719856,52.1380291
"Poland, 00-847, Warszawa, Towarowa, 24",,
"Poland, 05-500 , Piaseczno, Okulickiego, 33",21.0237854,52.081132
"Poland, 05-825, Janinów, Radziejowicka, 23",20.6073932,52.0566034
"Poland, 05-825, Książenice, Młodości, 33",20.6955753,52.072549
"Poland, 05-825, Odrano-Wola, Osowiecka, 32",20.6376275,52.0676789
"Poland, 05-825, Grodzisk Mazowiecki, Chrzanowska, 22",20.625444030271485,52.118153050000004
"Poland, 96-321, Przeszkoda, Inwestycyjna, 32",20.703118,52.0434111
"Poland, 05-825, Grodzisk Mazowiecki, Graniczna, 11",20.725480599999997,52.05026455
"Poland, 05-500, Siedliska, Mostowa, 16",21.041736961427134,52.060818100000006
"Poland, 96-321, Huta Żabiowolska, Przy Trasie, 12",20.6774138,52.0307696
"Poland, 05-825, Grodzisk Mazowiecki, Henryka Sienkiewicza, 21",20.6303165,52.1028147
"Poland, 05-090, Dawidy Bankowe, Starzyńskiego, 30",20.979425821793196,52.12746655
"Poland, 05-500, Chylice, Sielska, 15",21.0566165,52.0718383
"Poland, 96-320, Badowo-Mściska, Grójecka, 14",20.5607828,51.9570978
"Poland, 05-500 , Piaseczno, Orężna, 25",20.989906803233403,52.069236000000004
"Poland, 05-520, Konstancin-Jeziorna, Źródlana, 10",21.115762103667166,52.0842647
"Poland, 05-850, Jawczyce, Sadowa, 16",20.847365613201266,52.211105149999995
"Poland, 02-495, Warszawa, Dyrekcyjna / Silnikowa, 9",,
"Poland, 05-506, Władysławów, Żwirowa, 26",20.9510465,52.0684272
"Poland, 05-850, Bronisze, Piastowska, 23",20.8399426,52.2115283
"Poland, 96-300, Żyrardów, Skrowaczewskiego, 20",20.4387733,52.0674389
"Poland, 05-870, Radonice, Radonice, 8",20.610932172184267,52.168977549999994
"Poland, 05-831, Parole, Olesińska, 8",20.8094936,52.0471114
"Poland, 05-825, Grodzisk Mazowiecki, 1 Maja, 30",,
"Poland, 05-800, Brwinów, Kościelna, 28",20.7158263,52.1463048
"Poland, 02-239, Warszawa, Leonidasa, 15",20.9418703,52.1838007
"Poland, 05-090, Raszyn, Al.Krakowska, 5",20.916976918182023,52.151613850000004
"Poland, 05-555, Wola Przypkowska, Piękna, 12",20.83877331915174,52.00935415
"Poland, 05-870, Błonie, Pass, 20",20.593025971600348,52.20985
"Poland, , Warszawa, Maryli, 31",21.0214419,52.1268252
"Poland, 96-300, Wręcza, Nowy Świat, 26",20.4637853,51.9972366
"Poland, 05-540, Zalesie Górne, Pionierów, 25",21.033251499622644,52.0273355
"Poland, 02-971, Warszawa, Przekorna, 20",21.0933539,52.1209289
"Poland, 05-840, Brwinów, Lilpopa, 24",20.7205734,52.1336292
"Poland, 96-300, Słabomierz, Żyrardowska, 24",20.4826719,52.0106549
"Poland, 05-830, Szamoty, Orłów, 29",20.8423936,52.0633079
"Poland, 05-825, Grodzisk Mazowiecki, Daleka, 21",20.617252912068466,52.09943835
"Poland, 05-552, Mroków, Szkolna, 16",20.841002852666662,52.0392435
"Poland, 05-820, Piastów, Popiełuszki, 17",20.8442724,52.1767328
"Poland, 02-777, Warszawa, Al. Ken, 12",21.0484418,52.1478634
"Poland, 05-500 , Piaseczno, Redutowa, 7",21.004924691666666,52.0565553
"Poland, 05-825, Grodzisk Mazowiecki, Limanowskiego, 8",20.621597,52.1076792
"Poland, 96-313, Jaktorów, Chełmońskiego, 6",20.553144054781374,52.0849411
"Poland, 05-552, Walendów, Nad Utratą, 32",20.8457011,52.0917312
"Poland, 00-854, Warszawa, Aleja Jana Pawła II, 34",20.9957437,52.2402348
"Poland, 96-321, Żabia Wola, Główna, 27",20.69192,52.02508
"Poland, 05-840, Domaniewek, Starego Browarnika, 21",20.7416027,52.1917048
"Poland, 05-800, Pruszków, Szpitalna, 9",20.817787616786816,52.16791325
"Poland, 05-825, Grodzisk Mazowiecki, Spółdzielcza, 16",20.6239147,52.1052811
"Poland, 05-816, Michałowice, Lotnicza, 20",20.875970136517857,52.17858475
"Poland, 05-816, Reguły, Kuchy, 23",20.8644635,52.1684024
"Poland, 96-300, Żyrardów, Okrzei, 23",20.443710951678085,52.05465985
"Poland, 96-325, Kuklówka Zarzeczna, Józefa Chełmońskiego, 19",20.6018082,52.0429058
"Poland, 03-301, Warszawa, Jagiellońska, 33",21.0203662,52.2667859
"Poland, 05-800, Pruszków, 3-go maja, 24",,
"Poland, 05-816, Michałowice, Ogrodowa, 28",20.876088,52.177362
"Poland, 05-819, Piastów, Noakowskiego, 23",20.8538012,52.1891325
"Poland, 05-825, Grodzisk Mazowiecki, Bartniaka, 14",20.6292469,52.1068194
"Poland, 96-320 , Mszczonów, Pogorzałki, 20",20.5536111,51.9766667
"Poland, 05-830, Walendów, Pąsowej Róży, 32",20.841684,52.0946828
"Poland, 05-850, Ożarów Mazowiecki, Kamińskiego, 17",20.8051547,52.2076093
"Poland, 05-504, Henryków-Urocze, Mokra, 32",20.9261688,52.0006092
"Poland, 05-552, Wólka Kosowska, Gruszkowa, 19",20.8446272,52.0559975
"Poland, 05-500 , Piaseczno, Energetyczna, 13",21.0345027,52.0918584
"Poland, 05-840, Koszajec, Św. Józefa, 11",20.7485551,52.1686989
"Poland, 96-316 , Międzyborów, Międzyborów, 32",,
"Poland, 05-500 , Piaseczno, Pod Bateriami, 18",21.00345923006566,52.053349499999996
"Poland, 02-972, Warszawa, Aleja Rzeczypospolitej, 33",21.0676831,52.1682041
"Poland, 05-825, Kozery, Ukośna, 12",20.58101,52.10222
"Poland, 05-830, Nadarzyn, Pruszkowska, 15",20.806780000000003,52.096149499999996
"Poland, 02-231, Warszawa, Jutrzenki, 7",20.918780334677418,52.17775475
"Poland, 05-506, Wilcza Góra, Gwiaździsta, 6",20.949111168162215,52.0700288
"Poland, 05-500 , Piaseczno, Czajewicza, 30",21.02568486524759,52.06796175
"Poland, 05-825, Grodzisk Mazowiecki, 11-go Listopada, 9",,
"Poland, 96-300, Żyrardów, Jałowcowa, 25",20.4705212,52.0533396
"Poland, 02-495, Warszawa, Mariana Keniga, 23",20.8690598,52.1919577
"Poland, 05-506, Konstancin-Jeziorna, Przyrzecze, 7",21.097959,52.0840836
"Poland, 05-825, Grodzisk Mazowiecki, Plantowa, 23",20.6495195,52.1195936
"Poland, 05-825, Grodzisk Mazowiecki, Langiewicza, 29",20.6191023,52.1112888
"Poland, 05-830, Nadarzyn, Pl.Poniatowskiego, 15",20.807152100000003,52.09212575
"Poland, 05-816, Michałowice, Jesionowa, 26",20.881567647228636,52.177276199999994
"Poland, 05-506, Janczewice, Jedności, 24",20.9305685,52.1167099
"Poland, 05-825, Kozerki, Merkurego, 20",20.5799367,52.0942257
"Poland, 05-830, Wolica, Św. Piotra I Pawła, 7",20.8635274,52.1207723
"Poland, 05-552, Jabłonowo, Nadrzeczna, 5",20.863361728561827,52.05725495
"Poland, 05-806, Sokołów, Sąsiedzka, 24",20.8659807,52.1313969
"Poland, 05-500, Nowa Iwiczna, Niezapominajki, 32",21.000880226289993,52.09210605
"Poland, , Wólka Kosowska, Wesoła, 25",20.8455911,52.0606077
"Poland, 05-870, Błonie, Os.Pass, 27",,
"Poland, 05-850, Duchnice, Ożarowska, 27",20.79739,52.19306
"Poland, 01-702, Warszawa, Płaskowickiej, 15",20.930508163573982,52.244799650000004
"Poland, 05-840, Biskupice, Biskupicka, 33",20.7015464,52.1620068
"Poland, 05-800, Piastów, Kasprowicza, 26",20.849133654761904,52.17748685
"Poland, 05-500 , Piaseczno, Orzechowa, 20",20.9253695,52.0548807
"Poland, 05-800, Pruszków, Andrzeja, 14",20.819661685431864,52.1617355
"Poland, , Pilaszków, Nowowiejska, 11",20.692502,52.2324602
"Poland, 05-807, Podkowa Leśna, Jodłowa, 21",20.7265715,52.1187951
"Poland, 05-806 , Komorów, Jana Zamoyskiego, 29",,
"Poland, 02-496, Warszawa, Orłów Piastowskich, 23",20.8680303,52.201188
"Poland, 02-134, Warszawa, 1 Sierpnia, 18",20.9721364,52.1935055
"Poland, 96-300, Żyrardów, Lniarska, 5",20.4385317,52.0550048
"Poland, 05-825, Urszulin, Urszulin, 30",21.59407,50.44643
"Poland, 05-830, Nadarzyn, Żółwińska, 32",20.8009172,52.0944504
"Poland, 05-503, Głosków, Radnych, 20",20.961683507492086,52.03249275
"Poland, 01-267, Warszawa, Jana Kazimierza, 18",20.94604034519868,52.22532365
"Poland, 05-825, Urszulin, Legionistów, 33",20.7214623,52.0722377
"Poland, 01-755, Warszawa, Krasińskiego, 13",20.9654749,52.2606718
"Poland, 05-505, Błonie, Bieniewicka, 14",20.60493975545057,52.19066195
"Poland, 05-830, Wolica, Sękocińska, 24",20.869379344235803,52.116256
"Poland, 02-826, Warszawa, Poloneza, 27",21.0069467,52.1483082
"Poland, 05-500 , Piaseczno, Wołodyjowskiego, 34",20.99114,52.05605
"Poland, 05-860, Święcice, Zaborowska, 20",20.6915033,52.2129701
"Poland, 05-500, Mysiadło, Słowicza, 31",21.0239389,52.0997963
"Poland, 05-806 , Komorów, Jana Matejki, 11",20.8110689,52.1456801
"Poland, 01-476, Warszawa, Sylwestra Kaliskiego, 33",20.8966827295504,52.2584486
"Poland, 05-825, Książenice, Marylskiego, 16",20.6957012,52.0709122
"Poland, 03-226, Warszawa- Targówek, Toruńska, 29",21.0379308,52.3011422
"Poland, 05-830, Kajetany, Brzozowa, 18",20.821151497175137,52.091807
"Poland, 96-300, Żyrardów, Jana Kilińskiego, 15",20.441905637015925,52.062267500000004
"Poland, 05-825, Grodzisk Mazowiecki, Rzemieślnicza, 22",20.641467957201666,52.10737975000001
"Poland, 05-540, Zalesie Górne, Wczasowa, 28",21.0477707,52.0308991
"Poland, , Piaseczno, Młynarska, 24",21.031220657502722,52.0775449
"Poland, 05-825, Grodzisk Mazowiecki, H. Sienkiewicza, 14",,
"Poland, 05-816, Michałowice Wieś, Pałacowa, 21",20.8879205,52.1548928
"Poland, 02-952, Warszawa, Wiertnicza, 8",21.0814684,52.1716762
"Poland, 96-313, Chylice-Kolonia, 3 Maja, 24",20.550317668613864,52.09214935
"Poland, 05-850, Ożarów Mazowiecki, Floriana, 6",20.80233,52.2157225
"Poland, 05-825, Książenice, Al. Sadowa, 15",,
"Poland, 05-090, Raszyn, Krótka, 30",20.9202612,52.1548356
"Poland, 05-506, Kolonia Lesznowola, Postępu, 21",20.9677983,52.0812425
"Poland, 05-552, Łazy, Łączności, 33",20.87889866466303,52.0811406
"Poland, 02-868, Warszawa, Sarabandy, 24",21.013566950600378,52.1135242
"Poland, 05-825, Grodzisk Mazowiecki, Gen. Orlicz Dreszera, 33",20.58528,52.09284
"Poland, 96-314, Baranów, Północna, 24",22.1392174,51.5590516
"Poland, 96-320 , Mszczonów, Keramzytowa, 20",20.5154707,51.9851016
"Poland, 05-825, Książenice, al. Jarzębinowa, 13",,
"Poland, 05-825, Grodzisk Mazowiecki, Okrężna, 34",20.662858672095673,52.0975922
"Poland, 05-825, Grodzisk Mazowiecki, J. Kilińskiego, 24",,
"Poland, 05-503, Wola Gołkowska, Piesza, 30",20.9316046,52.050374
"Poland, 96-321, Żabia Wola, Przejazdowa, 14",20.691976,52.0335076
"Poland, 05-831, Młochów, Al. Kasztanowa, 6",20.7856979,52.0625124
"Poland, 96-315, Wiskitki, Guzowska, 15",20.3710622,52.0892834
"Poland, 05-090, Raszyn, Emaliowa, 11",20.9287556,52.1670872
"Poland, 02-495, Warszawa, Kazimierza Gierdziejewskiego, 7",20.8733295,52.203242
"Poland, 05-825, Adamowizna, Niedźwiedzia, 13",20.62381,52.0771
"Poland, 05-831, Młochów, Ks.Bronisława Markiewicza, 5",20.7841124,52.0479758
"Poland, 05-500 , Piaseczno, Wojska Polskiego, 13",21.21466085,51.973466450000004
"Poland, 00-507, Warszawa, Bokserska, 25",21.005262640124798,52.1675295
"Poland, 05-830, Rusiec, Osiedlowa, 6",20.80045209821681,52.065480550000004
"Poland, 05-830, Wolica, Długa, 32",20.855603388671874,52.1204375
"Poland, 00-021, Warszawa, Chmielna, 10",21.0171784,52.2332101
"Poland, 05-830, Nadarzyn, Komorowska, 8",20.81615,52.098776
"Poland, 00-215, Warszawa, Dolańskiego, 12",21.0013339,52.2534787
"Poland, 05-825, Grodzisk Mazowiecki, Kresowa, 8",20.61119080092335,52.101791
"Poland, 05-800, Pruszków, Kraszewskiego, 29",20.808448,52.1630353
"Poland, 02-235, Warszawa, Równoległa, 8",20.9413356,52.1983239
"Poland, 05-825, Grodzisk Mazowiecki, Bałtycka, 23",20.61752504081699,52.1048568
"Poland, 05-501, Piaseczno, Norwida, 7",20.9973767,52.062025
"Poland, 02-822, Warszawa, Poleczki, 13",21.011205533449946,52.15343215
"Poland, 05-830, Nadarzyn, Błońska, 9",20.80416555417957,52.093923000000004
"Poland, 96-300, Żyrardów, Jaktorowska, 32",20.45602,52.05135
"Poland, 05-830, Wolica, Zielona, 18",20.84837985,52.121402
"Poland, 05-850, Ożarów Mazowiecki, Nadbrzeżna, 20",20.798105869551282,52.2169536
"Poland, 05-840, Brwinów, Moszna Parcela, 14",20.7468103,52.1760194
"Poland, 02-164, Warszawa, Canaletta, 33",21.0076322,52.2429935
"Poland, 05-830, Stara Wieś, Sygietyńskich, 6",20.76308597341721,52.081055
"Poland, 00-535, Warszawa, Bolesława Prusa, 31",21.025427,52.2277501
"Poland, 05-830, Nadarzyn, Bukowa, 15",20.797876764567363,52.106405
"Poland, 05-090, Wypędy, Kwietniowa, 10",20.885977867153837,52.137404950000004
"Poland, 02-196 , Warszawa, Popas, 28",20.93836,52.1609502
"Poland, 05-555, Kotorydz, Piaseczyńska, 27",20.8736082,51.9933337
"Poland, 02-261, Warszawa, Robotnicza, 23",20.947177720493304,52.18187595
"Poland, 05-825, Grodzisk Mazowiecki, Rusałki, 24",20.6476116,52.1133695
"Poland, 05-540, Zalesie Górne, Młodych Wilcząt, 20",21.038547479913916,52.028028
"Poland, 05-831, Rozalin, Kawalerska, 28",20.7505381,52.0531158
"Poland, 05-830, Wolica, Centralna, 30",20.863047922661465,52.119830699999994
"Poland, 01-014, Warszawa, Żytnia, 13",20.981682,52.2395554
"Poland, 02-025, Warszawa, Plac Zawiszy, 5",20.988696853692957,52.224788849999996
"Poland, 05-502, Gołków, Pułku 4 Ułanów, 18",20.989012,52.0486918
"Poland, 96-300, Żyrardów, Kasztanowa, 32",20.4521,52.06089
"Poland, 05-805, Otrębusy, Świerkowa, 21",20.7561541,52.1200016
"Poland, 02-665, Warszawa, Al. Wilanowska, 21",21.0216614,52.1791462
"Poland, 05-503, Antoninów, Masztowa, 20",,
"Poland, 00-728, Warszawa, Bobrowiecka, 11",21.04536640974238,52.20165455
"Poland, 05-830, Kajetany, Rolna, 6",20.8181421,52.0901495
"Poland, 05-500, Nowa Iwiczna, Krasickiego, 29",21.00442600141132,52.09081005
"Poland, 05-502, Gołków, Gołkowska, 19",20.98873657398098,52.048660850000005
"Poland, 05-825, Kozerki, Wenus, 23",20.59084,52.09186
"Poland, 05-831, Rozalin, Młochowska, 25",20.7309781,52.0524129
"Poland, 05-822, Milanówek, Konopnickiej, 26",20.6959565,52.1235386
"Poland, 05-090, Sękocin Stary, Logistyczna, 17",20.8854245,52.1141741
"Poland, 05-830, Urzut, Jesienna, 12",,
"Poland, 02-182, Warszawa, Ruchliwa, 27",20.9473429,52.175126
"Poland, 05-540, Zalesie Górne, Szmaragdowych Żuków, 18",21.05199467620482,52.017129999999995
"Poland, 05-552, Mroków, M. Świątkiewicz, 27",,
"Poland, 05-090, Raszyn, Jaworskiego, 30",20.9184557,52.1604617
"Poland, 05-825, Natolin, Chemiczna, 25",20.6160696,52.132186
"Poland, 02-507, Warszawa, Gniewkowska, 27",20.9442643,52.219843
"Poland, 05-816, Piastów, Wysockiego, 31",20.840264,52.1900963
"Poland, 05-825, Grodzisk Mazowiecki, Kilińskiego, 21",20.62562934983699,52.10784545
"Poland, 05-504, Henryków-Urocze, Polna, 30",20.929619,51.9949396
"Poland, 05-850 , Ołtarzew, Ceramiczna, 20",20.7663,52.20235
"Poland, 05-825, Natolin, Natolin, 20",21.599937016779847,52.19355845
"Poland, 05-825, Grodzisk Mazowiecki, Słowackiego, 32",20.632528649999998,52.1161266
"Poland, 05-504, Runów, Runowska, 11",20.908857,52.0114465
"Poland, 05-825, Grodzisk Mazowiecki, Żeromskiego, 21",20.6174146,52.1114756
"Poland, 05-840, Brwinów, Dworska, 17",20.7127953,52.1436199
"Poland, 05-850, Ożarów Mazowiecki, Strzykulska, 23",20.8129317,52.2209069
"Poland, 02-661, Warszawa, Wita Stwosza, 15",21.0187922412709,52.1754267
"Poland, 02-691, Warszawa, Obrzeżna, 24",21.00128328106836,52.174715000000006
"Poland, 96-315, Wiskitki, Kulinarna, 8",20.401051,52.0930053
"Poland, 96-321, Jastrzębnik, Cicha, 26",,
"Poland, 05-830, Nadarzyn, Zarzewie, 26",20.8070321,52.087857
"Poland, 05-840, Brwinów, Peronowa, 22",20.7217068,52.1413521
"Poland, 05-830, Nadarzyn, Wiśniowa, 13",20.794032056306307,52.097681
"Poland, 02-445, Warszawa, Parowcowa, 25",20.91698485666219,52.2127657
"Poland, 05-090, Raszyn, Al.Hrabska, 22",20.9237264,52.1370247
"Poland, 05-552, Wólka Kosowska, Marii Świątkiewicz, 34",20.8542275,52.0574605
"Poland, 02-867, Warszawa, Baletowa, 17",21.009499543142145,52.1230276
"Poland, 00-844, Warszawa, Grzybowska, 10",21.000331648433857,52.2378025
"Poland, 96-321, Lisówek, Iglasta, 18",20.7114756,52.0002919
"Poland, 05-500, Stara Iwiczna, Mleczarska, 14",21.0139183,52.0858235
"Poland, 05-532, Baniocha, Łubna, 17",,
"Poland, 05-500 , Piaseczno, Żeglińskiego, 7",21.040626118962642,52.07903195
"Poland, 05-825, Grodzisk Mazowiecki, Transportowa, 23",20.6230326,52.1199453
"Poland, 05-825, Kozerki, Jowisza, 31",20.586,52.08702
"Poland, 02-220, Warszawa, Łopuszańska, 9",20.9558176,52.1904869
"Poland, 05-830, Walendów, Słonecznej Polany, 19",20.840566808333335,52.095397000000006
"Poland, 05-825, Grodzisk Mazowiecki, Plac Wolności, 16",20.62235437547242,52.10466855
"Poland, 05-830, Kajetany, Orla, 34",20.8229603,52.0819609
"Poland, 05-825, Grodzisk Mazowiecki, Obrońców Getta, 5",20.6210072,52.1055189
"Poland, 05-830, Urzut, Malownicza, 10",20.75263480301252,52.069901
"Poland, 05-090, Raszyn, Drukarska, 15",20.9503711,52.1464601
"Poland, 02-785, Warszawa, Surowieckiego, 6",21.019382512696225,52.16024415
"Poland, 05-840, Brwinów, Armii Krajowej, 18",20.7143203,52.144495
"Poland, 96-320, Mszczonów, Tarczyńska, 20",20.5654791,51.9724965
"Poland, 05-090, Sękocin Stary, ul. Mszczonowska, 10",,
"Poland, 02-273 , Warszawa, Muszkieterów, 15",20.93729214402842,52.178756
"Poland, 02-676, Warszawa, Suwak, 12",20.9897532,52.1811889
"Poland, 00-722, Warszawa, Podchorążych, 28",21.0449471,52.2085527
"Poland, 05-825, Grodzisk Mazowiecki, Orzeszkowej, 17",20.63765746042436,52.11055825
"Poland, 96-316, Henryszew, ul. Reymonta, 10",,
"Poland, 05-500, Piaseczno, Al.Jana Pawła II, 20",,
"Poland, 02-784, Warszawa, Dembowskiego, 17",21.030867127108927,52.150951750000004
"Poland, 05-825, Grodzisk Mazowiecki, E. Orzeszkowej, 17",,
"Poland, 96-300, Żyrardów, Dittricha, 23",20.4336185,52.0571461
"Poland, 01-703, Warszawa, Gąbińska, 34",20.9597305,52.2714946
"Poland, 05-520, Bielawa, Lipowa, 24",21.11709566710883,52.10470085
"Poland, 02-785, Warszawa, Puszczyka, 29",21.0214519,52.1613891
"Poland, 05-090, Wypędy, Zdrojowa, 19",20.879743648819918,52.15205725
"Poland, 05-500 , Piaseczno, Kwiatów Polskich, 18",20.999726101838235,52.07143155
"Poland, 05-532, Baniocha, Solec, 6",,
"Poland, 05-825, Kłudzienko, Kłudzienko, 15",,
"Poland, 05-555, Tarczyn, Pogodna, 21",20.83968354670817,51.9831682
"Poland, 05-830, Nadarzyn, Turystyczna, 12",20.81017,52.09915
"Poland, 05-500, Stara Iwiczna, Nowa, 30",20.994739744794522,52.08520485
"Poland, 96-300, Żyrardów, Sikorskiego, 13",20.43027,52.04971
"Poland, 05-552, Kolonia Warszawska, Aleja Krakowska, 33",,
"Poland, 00-054, Warszawa, Jasna, 17",21.01022286053771,52.23628720000001
"Poland, 05-816, Michałowice, al. Jerozolimskie, 17",20.890666,52.1814337
"Poland, 05-503, Mieszkowo, Malinowa, 8",20.902329989821176,52.0457123
"Poland, 05-825, Grodzisk Mazowiecki, Mokronowskich, 14",,
"Poland, 02-738, Warszawa, Dominikańska, 28",21.036108514113412,52.1760915
"Poland, 05-090, Sękocin Nowy, Leszczynowa, 18",20.899451,52.1234355
"Poland, 02-785, Warszawa, Wiolinowa, 25",21.0268138,52.1605728
"Poland, 96-321, Żelechów, Juliusza Kossaka, 31",20.7307905,52.0230972
"Poland, 02-685, Warszawa, Rodziny Hiszpańskich, 13",21.0060009,52.1806125
"Poland, 05-506, Lesznowola, Salamandry, 10",20.91760786528741,52.101036
"Poland, 02-507, Warszawa, Obywatelska, 17",20.8957411,52.2089218
"Poland, 05-850, Ożarów Mazowiecki, Romana Dmowskiego, 33",20.79518799938948,52.2129176
"Poland, 01-891, Warszawa, Staffa, 7",20.960532478983325,52.27346225
"Poland, 96-300, Żyrardów, Piotra Wysockiego, 7",20.4452217,52.0568278
"Poland, 96-313, Chylice, Wojtkiewicza, 33",20.564846,52.078526
"Poland, 96-325, Tartak Brzózki, Letniskowa, 25",20.5217465,52.0189972
"Poland, 05-850, Jawczyce, Wspólna Droga, 11",20.8522995,52.2080845
"Poland, 05-500 , Piaseczno, Powstańców Warszawy, 13",21.015779675676196,52.07775515
"Poland, 05-825, Grodzisk Mazowiecki, Kopernika, 31",20.6380556,52.1080556
"Poland, 96-316, Stare Budy, ul. Wąska, 28",,
"Poland, 96-300, Żyrardów, Bohaterów Warszawy, 28",20.450511236813476,52.05430815
"Poland, 05-840, Brwinów, Kępińska, 32",20.725584663236198,52.1330622
"Poland, 96-321, Nowa Bukówka, Rumiankowa, 11",20.65829,52.02323
"Poland, 05-500, Józefosław, Wilanowska, 8",21.042935634989753,52.0978193
"Poland, 02-786, Warszawa, W.B.Jastrzębowskiego, 12",,
"Poland, 05-850, Ożarów Mazowiecki, Konotopska, 10",20.8099313,52.2070917
"Poland, 05-540, Zalesie Górne, Środkowa, 18",21.0299785,52.0340994
"Poland, 05-825, Książenice, Al. Brzozowa, 28",,
"Poland, 96-300, Żyrardów, Ludwika Waryńskiego, 22",20.440324584108815,52.0607847
"Poland, 02-285 , Warszawa, Szyszkowa, 30",20.9267549,52.1737021
"Poland, 05-807, Podkowa Leśna, Akacjowa, 25",20.732293622839546,52.1224122
"Poland, , Wymysłów, Katowicka, 29",20.4895426,51.9499195
"Poland, 02-495, Warszawa, Ryżowa, 22",20.911620940518464,52.1974283
"Poland, 96-320 , Mszczonów, Księcia Ziemowita, 27",20.5059679,51.970006
"Poland, 05-504, Henryków-Urocze, Urocza, 33",20.9127778,51.995
"Poland, 05-807, Podkowa Leśna, Brwinowska, 29",20.7216624,52.1257526
"Poland, 00-252, Warszawa, Podwale, 14",21.0106824,52.2480583
"Poland, 05-090, Raszyn, Poniatowskiego, 16",20.927016489622638,52.154699199999996
"Poland, 05-830, Strzeniówka, Kwiatu Paproci, 20",20.7931185,52.1138203
"Poland, 05-840, Brwinów, Moszna, Parcela, 26",,
"Poland, 02-226, Warszawa, Pryzmaty, 19",20.9378286,52.2007384
"Poland, 05-830, Nadarzyn, Jaworowa, 10",20.7963629,52.109198
"Poland, 05-822, Milanówek, Książenicka, 23",20.6770536,52.1136442
"Poland, 05-805, Otrębusy, Krzywa, 12",20.7568855,52.1320835
"Poland, 05-825, Grodzisk Mazowiecki, Plac Króla Zygmunta Starego, 7",20.62158290732994,52.103788800000004
"Poland, 05-800, Pruszków, Promyka, 27",20.79179,52.16946
"Poland, 05-090, Janki, Godebskiego, 10",20.902056880480792,52.12995135
"Poland, 05-500 , Piaseczno, Raszyńska, 18",21.014869263466917,52.0924154
"Poland, , Konotopa, Fiołkowa, 23",20.8499041,52.1978541
"Poland, 05-831, Młochów, Al.Kasztanowa, 5",20.7856979,52.0625124
"Poland, 05-552, Łazy, Wąska, 10",20.876467572849016,52.089479850000004
"Poland, 05-825, Chrzanów Duży, Chrzanów Duży, 5",,
"Poland, 05-825, Grodzisk Mazowiecki, Żwirki i Wigury, 26",20.6189305,52.1065507
"Poland, 05-028, Blizne Łaszczyńskiego, Serwisowa, 14",,
"Poland, 05-806 , Komorów, Marii Dabrowskiej, 25",20.822610884135813,52.14594125
"Poland, 05-800, Pruszków, Parzniewska, 12",20.7603705,52.1692876
"Poland, 05-825, Grodzisk Mazowiecki, 11-Go Listopada, 30",,
"Poland, 96-300, Żyrardów, Al.Partyzantów, 15",20.44429147782185,52.0563218
"Poland, 05-825 , Milanówek, Dworcowa, 28",20.6669898,52.1254935
"Poland, 00-465, Warszawa, 29 Listopada, 6",21.0433766,52.2148827
"Poland, 05-552, Łazy, Kwiatowa, 9",20.86986,52.07768
"Poland, 00-717, Warszawa, Czerniakowska, 28",21.05034850060015,52.20262125
"Poland, 05-090, Sokołów, Wacława, 34",20.8729705,52.1424889
"Poland, 05-825, Grodzisk Mazowiecki, Montwiłła, 6",20.62476,52.09341
"Poland, 05-500, Nowa Wola, Ignacego Krasickiego, 31",20.9589248,52.0956536
"Poland, 05-505, Błonie, Powstańców, 30",20.625792902695444,52.19934765
"Poland, 96-300, Żyrardów, Czysta, 5",20.42588321020156,52.062100400000006
"Poland, 05-500 , Piaseczno, Przesmyckiego, 20",21.044522078735568,52.0802229
"Poland, 96-300, Żyrardów, Janiny Jadwigi Kacperskiej, 16",20.44355,52.06875
"Poland, 05-825 , Milanówek, Literacka, 20",20.666127823831985,52.1279422
"Poland, 05-090, Raszyn, Cienista, 13",20.9200173,52.1523965
"Poland, 05-816, Reguły, Aleje Jerozolimskie, 11",20.8654178,52.1756444
"Poland, 05-500, Żabieniec, Asfaltowa, 21",21.0475332,52.0586597
"Poland, 01-747, Warszawa, Powązkowska, 17",20.9617948,52.2589917
"Poland, 96-321, Wycinki Osowskie, Międzynarodowa, 7",20.6542,52.04198
"Poland, 05-825, Grodzisk Mazowiecki, Marii Konopnickiej, 7",20.645943248903507,52.10536005
"Poland, 05-555, Komorniki, Leśna, 21",20.8538169,51.9775675
"Poland, 05-820, Piastów, Regulska, 32",,
"Poland, 05-830, Kostowiec, Przemysłowa, 7",20.7445117,52.0626782
"Poland, 05-500, Łoziska, Fabryczna, 19",20.99815675699425,52.07838495
"Poland, 05-082, Stare Babice, Kutrzeby, 6",20.8304739,52.2551845
"Poland, 02-674 , Warszawa, Marynarska, 30",20.9990728,52.1787704
"Poland, 05-807, Podkowa Leśna, Gołębia, 9",20.70616,52.12499
"Poland, 05-504, Złotokłos, Andrzeja Boboli, 27",20.9022964,52.0028341
"Poland, 05-552, Łazy, Ks. Kanonika H. Słojewskiego, 24",,
"Poland, 05-552, Stefanowo, Ułanów, 21",20.8862,52.05401
"Poland, 96-321, Grzymek, Spacerowa, 26",20.6259266,52.0212103
"Poland, 05-500, Jazgarzew, Górna, 29",20.9883292,52.0375839
"Poland, 05-090, Falenty Duże, Falencka, 27",,
"Poland, 05-825, Grodzisk Mazowiecki, Szczęsna, 24",20.646535641061455,52.09615235
"Poland, 05-552, Łazy, Wiejska, 11",20.892774847105535,52.08366935
"Poland, 96-300, Żyrardów, Sienkiewicz, 10",,
"Poland, 05-850, Konotopa, Piwna, 9",,
"Poland, 05-830, Nadarzyn, Kalinowa, 19",20.801359533861486,52.104644
"Poland, 00-710, Warszawa, Idzikowskiego, 17",21.031472575368795,52.1883999
"Poland, 05-540, Zalesie Górne, Białej Brzozy, 26",21.030407170464134,52.0269295
"Poland, 96-300, Żyrardów, Ossowskiego, 34",20.4476357,52.0588542
"Poland, 00-204, Warszawa, Słomińskiego, 22",20.9938055,52.2578904
"Poland, 05-807, Kanie, Piłsudskiego, 26",20.772763767519795,52.1345987
"Poland, 96-315, Wiskitki, Oryszew Osada, 10",20.37816,52.11573
"Poland, 96-321, Nowa Bukówka, Skulska, 11",20.6542175,52.0218431
"Poland, 05-500, Józefosław, Działkowa, 5",21.046195818185666,52.11128145
"Poland, 05-552, Łazy, Muzyczna, 12",20.89282087167139,52.07285345
"Poland, 05-500 , Piaseczno, Elektroniczna, 24",21.0324584,52.0819957
"Poland, 05-825, Marynin, Partyzantów AK, 24",20.7004084,52.0703543
"Poland, 05-830, Stara Wieś, Tarniny, 15",20.7690135,52.0919815
"Poland, 05-825, Grodzisk Mazowiecki, Stefana Batorego, 21",20.634094525158876,52.0997263
"Poland, 96-313, Kady, Dragońska, 12",20.6776632,52.1103471
"Poland, 96-321, Żabia Wola, Ślaskiego, 16",20.68825,52.02684
"Poland, 05-831, Młochów, Ks. Bronisława Markiewicza, 17",20.7841124,52.0479758
"Poland, 05-830, Nadarzyn, Sitarskich, 9",20.80865,52.09711
"Poland, 05-840, Brwinów, Józefa Ignacego Kraszewskiego, 20",20.72226832262074,52.13578885
"Poland, 05-850, Koprki, Jaśminowa, 11",20.745938382941027,52.21395995
"Poland, 96-315, Wiskitki, Zagródź, 19",20.40222,52.08699
"Poland, 05-825, Grodzisk Mazowiecki, Zachodnia, 8",20.70983,52.12217
"Poland, 05-830, Urzut, Ekologiczna, 29",20.7527824,52.061581
"Poland, 05-825, Kałęczyn, Okopowa, 32",20.61693,52.08409
"Poland, 05-504, Runów, Solidarności, 23",20.94256,52.00581
"Poland, 04-141, Warszawa, Szaserów, 24",21.101837,52.2470278
"Poland, 05-825, Grodzisk Mazowiecki, Radońska, 21",20.630523099999998,52.09860675
"Poland, 00-739, Warszawa, Stępińska, 29",21.03725697215324,52.2061876
"Poland, 05-825, Grodzisk Mazowiecki, 11 Listopada, 12",20.62242364885691,52.10639635
"Poland, , Tarczyn, Oszkiela, 30",20.8367733,51.9804656
"Poland, 02-147, Warszawa, Paluch, 26",20.9683658,52.151624
"Poland, 05-825, Grodzisk Mazowiecki, R. Traugutta, 5",,
"Poland, 00-043, Warszawa, Czackiego, 9",21.01478409393006,52.2372016
"Poland, 96-321, Osowiec, Przyjaciół, 11",20.6456325,52.0559387
"Poland, , Zalesie Górne, Gościniec Warecki, 8",21.062670047958125,52.018668
"Poland, 05-500 , Piaseczno, ul. Szkolna, 9",,
"Poland, 05-825, Grodzisk Mazowiecki, Chłopickiego, 12",20.648474333529407,52.1047257
"Poland, 05-552, Łazy, Przyszłości, 10",20.8752029,52.0741105
"Poland, 05-555, Suchodół, ul. Słoneczna, 22",,
"Poland, , Raszyn, Projektowana, 27",20.922348104640378,52.163533
"Poland, 96-300, Żyrardów, Marii Nietrzebki, 26",20.4344655,52.0708605
"Poland, 05-820, Piastów, Sułkowskiego, 27",20.8328109740247,52.1891564
"Poland, 05-822, Milanówek, Przeskok, 7",20.667731734112078,52.123909600000005
"Poland, 01-702, Warszawa, Ogólna, 9",20.9631716,52.2724506
"Poland, 05-825, Grodzisk Mazowiecki, Cieszyńska, 30",20.6308854,52.1204433
"Poland, 05-500 , Piaseczno, Stołeczna, 28",21.009433736453587,52.0604319
"Poland, 01-377, Warszawa, Połczyńska, 11",20.9257248,52.2222567
"Poland, 05-807, Owczarnia, Cyprysowa, 15",20.7054735,52.1048207
"Poland, 05-090, Sękocin Las, Wierzbowa, 6",20.8909734,52.1036345
"Poland, 96-300, Żyrardów, Reymonta, 14",20.43977102114281,52.04656095
"Poland, 05-500, Jesówka, Dzikich Gęsi, 17",21.01608563734177,52.039231
"Poland, 05-503, Głosków, Korczunkowa, 25",20.9453216,52.025276
"Poland, 05-831, Rozalin, Przyjazna, 18",20.75385,52.06099
"Poland, 04-141, Warszawa, Garwolińska, 12",21.092598413357898,52.2477959
"Poland, 02-386, Warszawa, Usypiskowa, 10",20.961526320077816,52.20425025
"Poland, 05-500 , Piaseczno, Chyliczkowska, 30",21.038826514305192,52.0761017
"Poland, 05-500 , Piaseczno, Dunikowskiego, 13",21.00846931927702,52.06575435
"Poland, 05-825, Chrzanów Mały, Chrzanów Mały, 29",19.4674795,50.1602392
"Poland, 05-503, Robercin, Podskarbińska, 10",20.92765673539619,52.05962985
"Poland, 05-090, Falenty, Aleja Hrabska, 5",20.92104443646631,52.1397548
"Poland, 02-238, Warszawa, Modularna, 11",20.937428841402816,52.1850113
"Poland, 05-822, Milanówek, Zbigniewa Herberta, 22",20.672834723794317,52.12314235
"Poland, 05-825, Grodzisk Mazowiecki, Żydowska, 12",20.6233803,52.1129548
"Poland, 05-090, Raszyn, Krucza, 26",20.9467676,52.1562512
"Poland, 96-300, Żyrardów, Gdańska, 17",20.43068560140275,52.06404675
"Poland, 05-807, Podkowa Leśna, Sosnowa, 18",20.74248750650134,52.1212951
"Poland, 05-825, Odrano-Wola, Grota Roweckiego, 6",20.63882015800699,52.09539945
"Poland, 05-502, Wólka Kozodawska, Szczęśliwa, 27",21.016122465753426,52.034555
"Poland, 05-506, Lesznowola, Żubra, 17",20.9449263,52.0813628
"Poland, 05-503,  Wola Gołkowska, Gościniec, 12",20.935238703890825,52.049697699999996
"Poland, 96-321, Bieniewiec, Zagrodowa, 30",20.6275184,52.0247125
"Poland, 05-506, Lesznowola, Gminna, 10",20.9346379,52.0906845
"Poland, 05-805, Otrębusy, Piaseckiego, 12",20.7615821,52.1239362
"Poland, 02-863, Warszawa, Jeziorki, 14",21.00102012954545,52.126270399999996
"Poland, 05-825, Grodzisk Mazowiecki, J. Słowackiego, 29",,
"Poland, 05-082, Stare Babice, Józefa Piłsudskiego, 11",20.841364324528545,52.2490782
"Poland, 05-830, Nadarzyn, Kubusia Puchatka, 28",20.7928833,52.0837326
"Poland, 96-313, Budy Zosine, Kaska, 13",20.50963,52.06793
"Poland, 02-495, Warszawa, Żołnierzy 2 Armii Wojska Polskiego, 20",,
"Poland, 05-505, Błonie, Kolejowa, 7",20.60761002126474,52.1869906
"Poland, 05-504, Henryków-Urocze, Społeczna, 12",20.9256897,51.9970176
"Poland, 05-090, Podolszyn Nowy, Wygody, 29",20.9302071,52.1198969
"Poland, 96-313, Jaktorów, Błotna, 6",20.54971976705658,52.087146000000004
"Poland, 05-825, Grodzisk Mazowiecki, Dębowa, 10",20.71178,52.08407
"Poland, 05-850, Duchnice, Duchnicka, 17",20.795367631706387,52.201164250000005
"Poland, 96-317, Guzów, Michała Ogińskiego, 32",20.3292776,52.1290088
"Poland, 05-500 , Piaseczno, Techniczna, 19",21.0374781,52.0794635
"Poland, 96-300, Żyrardów, Łukasińskiego, 9",20.443073112644726,52.05528655
"Poland, 96-325, Krze Duże, Krze Duże, 22",,
"Poland, 96-321, Żabia Wola, Zielonej Żabki, 33",20.6893635,52.0317455
"Poland, 96-300, Żyrardów, Chopina, 17",20.431808746197703,52.05289795
"Poland, 05-850, Macierzysz, Sławęcińska, 34",20.8515248,52.2202505
"Poland, 96-313, Jaktorów Kolonia, Dobra, 33",20.5216956,52.0840295
"Poland, 02-336, Warszawa, Włochowska, 27",20.9434878,52.2133975
"Poland, 05-090, Sękocin Nowy, Handlowa, 7",20.8970997,52.1221279
"Poland, 96-300, Żyrardów, Dekerta, 30",20.444715,52.0531073
"Poland, 05-090, Falenty Nowe, Rozbrat, 25",20.9270571,52.1370889
"Poland, 05-850, Ożarów Mazowiecki, Kręta, 13",20.836208354935295,52.212582600000005
"Poland, 05-090, Falenty Nowe, Droga Hrabska, 30",20.930416907449946,52.13946595
"Poland, 05-850, Ożarów Mazowiecki, Gen. Henryka Dąbrowskiego, 31",20.798325642440112,52.21793555
"Poland, 05-090, Janki, Sezamkowa, 13",20.8965019,52.1319196
"Poland, 05-800, Pruszków, Magazynowa, 25",20.7683951,52.1607094
"Poland, 05-830, Stara Wieś, Głogowa, 33",20.7737569,52.0914261
"Poland, 96-320 , Mszczonów, Ługowa, 28",20.527447734372366,51.96997545
"Poland, 05-825, Czarny Las, Cisowa, 15",20.58729,52.06717
"Poland, 05-090, Falenty Nowe, Magiczna, 21",20.9324392,52.1295162
"Poland, 05-506, Magdalenka, Modrzewiowa, 29",20.90546241573852,52.0967912
"Poland, 05-500 , Piaseczno, Opalowa, 14",21.0299818,52.0950866
"Poland, 05-090, Raszyn-Rybie, NA SKRAJU, 29",,
"Poland, 05-500 , Piaseczno, Wschodnia, 33",20.92765008453337,51.999232199999994
"Poland, 05-090, Falenty Nowe, Willowa, 8",20.93464,52.13475
"Poland, 05-830, Nadarzyn, Księżycowa, 8",20.8182897,52.1050497
"Poland, 05-825, Kozery, gen. Gustawa Orlicz-Dreszera, 34",20.6024053,52.0976075
"Poland, 05-825, Grodzisk Mazowiecki, Lutniana, 11",20.632155248498172,52.1060262
"Poland, 05-831, Rozalin, Daniewice, 10",20.7494445,52.0588889
"Poland, 05-825, Grodzisk Mazowiecki, Piaskowa, 27",20.647045152368584,52.1011352
"Poland, 96-315, Cyganka, Francuska, 17",20.3680737,52.0963088
"Poland, 96-313, Jaktorów, Generała Skokowskiego, 27",20.5431034,52.0852329
"Poland, 05-850, Konotopa, Rajdowa, 29",20.82172,52.19826
"Poland, 05-090, Janki, Majowa, 28",,
"Poland, 02-781, Warszawa, Roentgena, 9",21.0283419,52.1447454
"Poland, 05-805, Kanie, Zawilcowa, 25",20.7922643,52.1236203
"Poland, 05-800, Pruszków, Niska, 13",20.82332,52.17153
"Poland, 05-830, Strzeniówka, Dzikiej Róży, 6",20.7982,52.119
"Poland, 05-500, Nowa Iwiczna, Kielecka, 25",20.99315023162694,52.0856053
"Poland, 02-784, Warszawa, Herbsta, 31",21.0268168,52.1512861
"Poland, 05-500 , Piaseczno, Sierakowskiego, 28",21.0281664,52.0729922
"Poland, 05-500 , Piaseczno, Zgoda, 29",21.0296488,52.073788
"Poland, 05-825, Grodzisk Mazowiecki, Kłudno Stare, 19",20.597408148916806,52.151570050000004
"Poland, 05-806, Pęcice, Piachy, 28",20.8490973,52.1484599
"Poland, 03-242, Warszawa, Kondratowicza, 24",21.037781,52.2950226
"Poland, 05-500 , Piaseczno, Plac Piłsudskiego, 22",21.0281957,52.0749116
"Poland, 05-830, Stara Wieś, Miłosna, 22",20.7811505,52.0792376
"Poland, 05-816, Opacz Kolonia, Spisaka, 33",20.88418338788655,52.18727215
"Poland, 05-825, Kałęczyn, Przesmyk, 29",20.6137613,52.0906861
"Poland, 05-830, Wolica, Przyleśna, 24",,
"Poland, 05-831, Krakowiany, Młynowa, 25",20.7759472,52.0187148
"Poland, 05-800, Pruszków, Ołówkowa, 29",20.79436144630664,52.1626087
"Poland, 05-830, Wolica, Przerąbkowska, 24",20.8692758,52.1249435
"Poland, 05-800, Pruszków, al. Wojska Polskiego, 30",20.802121667514022,52.161360200000004
"Poland, 96-321, Józefina, Gałązki, 27",20.6650291,52.0286666
"Poland, 05-825, Opypy, Piwoniowa, 5",20.65669,52.07877
"Poland, 05-831, Rozalin, Rukoli, 32",20.7410073,52.055235
"Poland, 05-830, Kostowiec, Dymman, 20",20.7376598,52.0593006
"Poland, 02-290, Warszawa, Dzwonkowa, 25",20.92762100967996,52.17563345
"Poland, 96-313, Jaktorów Kolonia, Kleeberga, 32",20.52168220087094,52.08749055
"Poland, 00-252, Warszawa, Górczewska, 8",20.969465263947004,52.23718395
"Poland, 05-090, Raszyn, Gałczyńskiego, 32",20.9284328,52.1639708
"Poland, 05-830, Stara Wieś, Bajkowa, 12",20.78793974608725,52.083512999999996
"Poland, 05-090, Janki, Wichrowa, 26",20.8856646,52.1315605
"Poland, 96-300, Żyrardów, Polskiej Organizacji Wojskowej, 8",20.446871,52.05244
"Poland, 05-090, Rybie, 19 kwietnia, 8",20.952597209209266,52.15491
"Poland, 05-090, Raszyn, Puchały, Centralna, 23",20.899835613534044,52.149990349999996
"Poland, 05-500 , Piaseczno, Kazimierza Jarząbka, 16",21.009319618467828,52.0783385
"Poland, 05-825, Opypy, Gilewicza, 34",20.679471101384017,52.096622499999995
"Poland, 96-320 , Mszczonów, 3-go Maja, 21",,
"Poland, 05-830, Urzut, Sosenki, 19",20.7414473,52.069964
"Poland, 05-090, Raszyn, Mieszka I, 11",20.9290846243464,52.153635449999996
"Poland, 05-500 , Piaseczno, Syrenki, 6",21.0213691,52.0840698
"Poland, 05-090, Raszyn, Pastelowa, 16",20.93056153444882,52.160712149999995
"Poland, 96-300, Krzyżówka, Wypoczynkowa, 24",20.4693,51.9941
"Poland, 05-807, Żółwin, Wiktorii, 32",20.7348843,52.0990101
"Poland, 96-313, Jaktorów, Pomorska, 23",20.549436103376422,52.088950499999996
"Poland, 96-300, Żyrardów, Legionów Polskich, 28",20.43323,52.05127
"Poland, 05-502, Gołków, Łąkowa, 18",20.9921218,52.046199
"Poland, 05-825, Odrano-Wola, Liściasta, 28",20.6275134,52.0825838
"Poland, 05-825, Kozery, Gruntowa, 13",20.59065,52.0976
"Poland, 02-830, Warszawa, Mazura, 14",21.007746893850804,52.14121965
"Poland, 96-321, Kaleń, Brzoskwiniowa, 34",20.6899499,52.0143951
"Poland, 05-800, Pruszków, Pańska, 24",20.80522,52.17803
"Poland, 96-316 , Międzyborów, Partyzantów, 10",20.482939135492806,52.0620407
"Poland, 05-830, Wolica, Złotego Kłosa, 10",20.8575027,52.1190855
"Poland, 05-840, Brwinów, Świętego Tomasza, 18",20.7614388,52.1641925
"Poland, 05-830, Kajetany, Karola Łoniewskiego, 16",20.8247714,52.0879005
"Poland, 05-500 , Piaseczno, Herberta, 14",20.999751686368327,52.066651
"Poland, 96-300, Żyrardów, Józefa Mireckiego, 6",20.445377611975964,52.05723915
"Poland, 05-082, Stare Babice, Ogrodnicza, 31",20.8430341,52.2386626
"Poland, 05-825, Grodzisk Mazowiecki, Grunwaldzka, 19",20.620709803307342,52.102794599999996
"Poland, 05-840, Brwinów, Obwodnica, 9",20.7413143,52.1323485
"Poland, 05-825, Grodzisk Mazowiecki, Na Laski, 22",20.6573488,52.1006308
"Poland, 05-825, Chrzanów Mały, Pączkowa, 30",20.6260428,52.1398025
"Poland, 05-831, Wola Krakowiańska, Jastrzębska, 32",20.80115668446038,52.02834785
"Poland, 02-777, Warszawa, Cynamonowa, 8",21.0477803,52.15115
"Poland, 02-445, Warszawa, Potrzebna, 33",20.919092695416317,52.209876949999995
